{
    "styles": {
        "blocks": {
            "Base": {
                "activatedBackgroundIndicator": "@drawable/activated_background_holo", 
                "android:activatedBackgroundIndicator": "?activatedBackgroundIndicator", 
                "android:dialogTheme": "?dialogTheme", 
                "android:dividerHorizontal": "?dividerHorizontal", 
                "android:dividerVertical": "?dividerVertical", 
                "buttonBarButtonStyle": "?borderlessButtonStyle", 
                "buttonBarStyle": "@style/Holo.ButtonBar", 
                "datePickerStyle": "@style/Holo.DatePicker", 
                "dividerHorizontal": "?android:listDivider", 
                "dividerVertical": "?android:listDivider", 
                "dropdownListPreferredItemHeight": "?listPreferredItemHeight", 
                "fastScrollOverlayPosition": "atThumb", 
                "fastScrollTextColor": "@color/primary_text_holo_dark", 
                "fastScrollThumbDrawable": "@drawable/fastscroll_thumb_holo", 
                "listPreferredItemHeight": "64dip", 
                "listPreferredItemHeightLarge": "80dp", 
                "listPreferredItemHeightSmall": "48dp", 
                "listPreferredItemPaddingLeft": "8dp", 
                "listPreferredItemPaddingRight": "8dp", 
                "numberPickerInputTextStyle": "@style/Holo.EditText.NumberPickerInputText", 
                "numberPickerStyle": "@style/Holo.NumberPicker", 
                "panelMenuListWidth": "250dp", 
                "textAppearanceListItem": "?android:textAppearanceLarge", 
                "textAppearanceListItemSmall": "?android:attr/textAppearanceMedium", 
                "timePickerStyle": "@style/Holo.TimePicker", 
            }, 
            "BaseDark": {
                "alertDialogStyle": "@style/Holo.AlertDialog", 
                "alertDialogTheme": "@style/Holo.Theme.Dialog.Alert", 
                "android:popupWindowStyle": "@style/Holo.PopupWindow", 
                "android:windowBackground": "@drawable/background_holo_dark", 
                "autoCompleteTextViewStyle": "@style/Holo.AutoCompleteTextView", 
                "borderlessButtonStyle": "@style/Holo.Button.Borderless", 
                "calendarViewStyle": "@style/Holo.CalendarView", 
                "dialogTheme": "@style/Holo.Theme.Dialog", 
                "dropDownListViewStyle": "@style/Holo.ListView.DropDown", 
                "fastScrollPreviewBackgroundLeft": "@drawable/fastscroll_label_left_holo_dark", 
                "fastScrollPreviewBackgroundRight": "@drawable/fastscroll_label_right_holo_dark", 
                "fastScrollTrackDrawable": "@drawable/fastscroll_track_holo_dark", 
                "include": [
                    "Base"
                ], 
                "listDividerAlertDialog": "@drawable/list_divider_holo_dark", 
                "listPopupWindowStyle": "@style/Holo.ListPopupWindow", 
                "modalBackgroundWrapper": "@drawable/modal_background_holo_dark", 
                "segmentedButtonStyle": "@style/Holo.SegmentedButton", 
                "selectableItemBackground": "@drawable/item_background_holo_dark", 
                "spinnerDropDownItemStyle": "@style/Holo.TextView.SpinnerItem.DropDown", 
                "spinnerItemStyle": "@style/Holo.TextView.SpinnerItem", 
                "spinnerStyle": "@style/Holo.Spinner", 
                "switchStyle": "@style/Holo.Switch", 
                "switchStyleOld": "@style/Holo.Switch.Old", 
                "textAppearanceLargePopupMenu": "@style/Holo.TextAppearance.PopupMenu.Large", 
                "textAppearanceSmallPopupMenu": "@style/Holo.TextAppearance.PopupMenu.Small", 
                "textColorAlertDialogListItem": "@color/primary_text_holo_dark"
            }, 
            "BaseLight": {
                "alertDialogStyle": "@style/Holo.AlertDialog.Light", 
                "alertDialogTheme": "@style/Holo.Theme.Dialog.Alert.Light", 
                "android:popupWindowStyle": "@style/Holo.PopupWindow.Light", 
                "android:windowBackground": "@drawable/background_holo_light", 
                "autoCompleteTextViewStyle": "@style/Holo.AutoCompleteTextView.Light", 
                "borderlessButtonStyle": "@style/Holo.Button.Borderless.Light", 
                "calendarViewStyle": "@style/Holo.CalendarView.Light", 
                "dialogTheme": "@style/Holo.Theme.Dialog.Light", 
                "dropDownListViewStyle": "@style/Holo.ListView.DropDown.Light", 
                "fastScrollPreviewBackgroundLeft": "@drawable/fastscroll_label_left_holo_light", 
                "fastScrollPreviewBackgroundRight": "@drawable/fastscroll_label_right_holo_light", 
                "fastScrollTrackDrawable": "@drawable/fastscroll_track_holo_light", 
                "include": [
                    "Base"
                ], 
                "listDividerAlertDialog": "@drawable/list_divider_holo_light", 
                "listPopupWindowStyle": "@style/Holo.ListPopupWindow.Light", 
                "modalBackgroundWrapper": "@drawable/modal_background_holo_light", 
                "segmentedButtonStyle": "@style/Holo.SegmentedButton.Light", 
                "selectableItemBackground": "@drawable/item_background_holo_light", 
                "spinnerDropDownItemStyle": "@style/Holo.TextView.SpinnerItem.DropDown.Light", 
                "spinnerItemStyle": "@style/Holo.TextView.SpinnerItem.Light", 
                "spinnerStyle": "@style/Holo.Spinner.Light", 
                "switchStyle": "@style/Holo.Switch.Light", 
                "switchStyleOld": "@style/Holo.Switch.Light.Old", 
                "textAppearanceLargePopupMenu": "@style/Holo.TextAppearance.PopupMenu.Light.Large", 
                "textAppearanceSmallPopupMenu": "@style/Holo.TextAppearance.PopupMenu.Light.Small", 
                "textColorAlertDialogListItem": "@color/primary_text_holo_light"
            }
        }
    }
}
